gene,stability_score
SDC4,0.65
TFF3,0.55
HOXB8,0.5
ZNF595,0.475
APBA2,0.475
SGCE,0.45
DNAJC12,0.45
MAGEC2,0.45
PTK7,0.45
CCND2,0.45
MDFIC,0.425
ANKRD1,0.425
DZIP1,0.425
SLC35G2,0.425
RNASE1,0.425
TGM2,0.425
PARVG,0.425
CELSR1,0.4
GULP1,0.4
TSPAN5,0.4
MFAP5,0.4
SULT1A1,0.4
CAVIN3,0.4
CCL2,0.4
GSTP1,0.4
MET,0.4
FBN2,0.4
SLCO4A1,0.4
CYP24A1,0.375
A4GALT,0.375
PDLIM1,0.375
TOR4A,0.375
LDHB,0.375
IGLL1,0.375
ERAP2,0.375
KCNK1,0.375
DDIT4,0.375
C16orf74,0.375
LOXL4,0.35
S100A13,0.35
CD70,0.35
DNER,0.35
MAGEH1,0.35
EVA1A,0.35
ST3GAL1,0.35
MYO1E,0.35
PCSK1N,0.35
TSTD1,0.35
QPCT,0.35
PTPRU,0.35
SULF2,0.325
GTSF1,0.325
NDN,0.325
C8orf88,0.325
NMNAT2,0.325
TIMP2,0.325
DAB2,0.325
LXN,0.325
PROM1,0.325
NPNT,0.325
MGST2,0.325
KRTCAP3,0.325
SLC17A9,0.325
TXNIP,0.325
GLB1L2,0.325
SLFN13,0.325
LAPTM5,0.325
IGFBP4,0.325
TPD52,0.325
GRAMD2B,0.325
SKAP1,0.325
P4HA2,0.325
POGLUT3,0.325
HDAC9,0.325
SUSD3,0.325
MSX2,0.325
GNB4,0.325
CAVIN2,0.3
SYTL2,0.3
PSAT1,0.3
CYP27A1,0.3
ADAM12,0.3
MDFI,0.3
CCL28,0.3
GALM,0.3
CD22,0.3
PRSS2,0.3
JUN,0.3
PCSK6,0.3
RGCC,0.3
RGS4,0.3
NMU,0.3
GALC,0.3
CYP1A1,0.3
LDOC1,0.3
BEX4,0.3
ITGA4,0.3
CADM1,0.3
MTARC2,0.3
NGEF,0.3
LRRC17,0.3
SLC38A5,0.3
ARL4C,0.3
TSC22D3,0.3
NR2F2,0.3
FOLR1,0.3
LFNG,0.3
MXRA8,0.3
SOCS2,0.3
H1-2,0.3
FBLN2,0.3
CHI3L1,0.275
A1BG,0.275
PTP4A3,0.275
SAT1,0.275
USP9Y,0.275
NEBL,0.275
SPOCK2,0.275
DCLK1,0.275
GPX3,0.275
CTAG2,0.275
IFI30,0.275
FGFR3,0.275
IFI27L2,0.275
MGLL,0.275
ITGB7,0.275
PLXND1,0.275
SOX13,0.275
ITGB8,0.275
MAGEA10,0.275
THNSL2,0.275
CCNA1,0.275
DPYSL3,0.275
MB,0.275
CKAP4,0.275
TUBB2B,0.275
PRODH,0.275
TFF1,0.275
TUBB3,0.275
THBS2,0.275
CNKSR1,0.275
INA,0.275
CHGB,0.275
CASP1,0.275
UPK3B,0.275
CTSV,0.275
CPS1,0.275
ASRGL1,0.275
DEFB1,0.275
TRNP1,0.275
GPX1,0.275
CELF2,0.275
TMEM176B,0.275
BIN1,0.275
PPP1R14C,0.275
COL18A1,0.275
CPVL,0.275
HBA2,0.275
TTC39A,0.275
SERPINB9,0.275
ARHGAP29,0.275
MOK,0.275
GAS6,0.275
SPATS2L,0.275
PHGDH,0.275
PSG4,0.275
IRX3,0.275
MX2,0.275
SDC2,0.275
IFITM2,0.275
BASP1,0.275
WNT5B,0.25
BST2,0.25
LZTS1,0.25
ALOX5,0.25
GSDME,0.25
DKK1,0.25
CDKN1A,0.25
GCHFR,0.25
HOXB9,0.25
TSPAN7,0.25
SLCO1B3,0.25
SHISA4,0.25
RAB34,0.25
PDZK1,0.25
HOXB7,0.25
CACNA2D4,0.25
FST,0.25
AQP3,0.25
DPP4,0.25
CRYAB,0.25
PHACTR1,0.25
YBX3,0.25
RASGRP3,0.25
REEP2,0.25
IGSF3,0.25
NUP210,0.25
CEACAM6,0.25
DNALI1,0.25
LUM,0.25
MSC,0.25
PLEKHB1,0.25
MME,0.25
STEAP1B,0.25
CST1,0.25
SEMA4A,0.25
CEBPD,0.25
PLAAT4,0.25
SORL1,0.25
NRCAM,0.25
BCAT1,0.25
GPX7,0.25
SERPINB2,0.25
XAGE1B,0.25
CBR1,0.25
MAOA,0.25
TMEM45B,0.25
SLC16A5,0.25
SPNS2,0.25
HSPB8,0.25
SECTM1,0.25
GPX8,0.25
ITGA1,0.25
STC1,0.25
SMOC1,0.25
ZNF711,0.25
PDE4B,0.25
CDH6,0.25
PLIN2,0.25
PCDH7,0.25
PTN,0.25
CES1,0.25
KRT23,0.25
TUSC1,0.25
P3H2,0.25
SYNGR1,0.25
FCGRT,0.25
FYN,0.25
ZNF185,0.25
NETO2,0.25
COL4A5,0.25
INPP4B,0.25
MYO10,0.25
PCP4,0.25
NID1,0.25
GREM1,0.25
ABCC2,0.25
APCDD1,0.25
CDH11,0.25
CMBL,0.25
SPINK1,0.25
PBX1,0.25
EPS8L1,0.25
APBB1IP,0.25
LRATD2,0.25
NCAM1,0.25
SPON2,0.25
PI3,0.25
MIA,0.25
UNC5B,0.25
ITGB2,0.25
DHRS2,0.25
EPB41L2,0.25
CD163L1,0.25
MPZL2,0.25
UBA7,0.25
NPTX2,0.25
GCNT2,0.25
GLIPR2,0.25
MELTF,0.225
HDGFL3,0.225
SPRR1B,0.225
NEO1,0.225
IL1R2,0.225
GASK1B,0.225
NLRP2,0.225
GAL,0.225
C4BPB,0.225
MFGE8,0.225
ELAPOR2,0.225
LCK,0.225
MT1G,0.225
DLC1,0.225
MGMT,0.225
SERINC2,0.225
NGFR,0.225
TMT1B,0.225
TESC,0.225
TMSB15A,0.225
HOPX,0.225
S100A14,0.225
CT45A1,0.225
HMGN5,0.225
GSDMD,0.225
ELOVL2,0.225
COL11A1,0.225
RBPMS,0.225
LURAP1L,0.225
MKRN3,0.225
GJB2,0.225
SORBS3,0.225
PODXL,0.225
ADORA1,0.225
CAMK2N1,0.225
CCL20,0.225
DMD,0.225
NFATC4,0.225
CEACAM1,0.225
CD36,0.225
BARX2,0.225
PTGS2,0.225
PCOLCE2,0.225
PTPN6,0.225
VEPH1,0.225
MAL,0.225
PTPN13,0.225
ZBED2,0.225
RPS4Y1,0.225
PLAGL1,0.225
LIPG,0.225
FARP1,0.225
SH3BGRL,0.225
SOCS3,0.225
PDGFRA,0.225
CPT1C,0.225
OLFM1,0.225
TYRP1,0.225
ADAM23,0.225
ZIC1,0.225
CDC42EP3,0.225
ARHGAP22,0.225
VAMP5,0.225
MAPK13,0.225
EGR1,0.225
KCTD14,0.225
TNNC1,0.225
H2AC25,0.225
HOXD10,0.225
GSTT2B,0.225
RGS20,0.225
EGFL7,0.225
KIF1A,0.225
CPM,0.225
IGFBP2,0.225
MEST,0.225
SERPINB7,0.225
NME4,0.225
DUSP23,0.225
CXCL8,0.225
LGALS3BP,0.225
IGF2BP1,0.225
UBD,0.225
AKR1B10,0.225
NAV2,0.2
MID1,0.2
B3GALNT1,0.2
CENPV,0.2
ALDH1A3,0.2
BAMBI,0.2
CYBA,0.2
GAGE12F,0.2
IL13RA2,0.2
TFAP2A,0.2
MSLN,0.2
APOBEC3G,0.2
DNAH14,0.2
LAMA3,0.2
SLC2A10,0.2
GJA1,0.2
SFRP1,0.2
STAT6,0.2
HLA-DRB1,0.2
GBP2,0.2
CT83,0.2
OLFM2,0.2
NCALD,0.2
P3H3,0.2
MLLT11,0.2
SCG5,0.2
FBLIM1,0.2
HLA-A,0.2
UNC13D,0.2
VAV3,0.2
ZSCAN18,0.2
SLC27A2,0.2
DTX3,0.2
LPCAT2,0.2
DMKN,0.2
TMEM156,0.2
LAT2,0.2
RFLNB,0.2
CALB1,0.2
RPP25,0.2
CDH13,0.2
RBP7,0.2
MAGEA1,0.2
GJC1,0.2
COPZ2,0.2
AP1M2,0.2
NKD2,0.2
LBH,0.2
TMEM139,0.2
ICAM1,0.2
ELMO1,0.2
TUSC3,0.2
GFRA1,0.2
CRIP1,0.2
CAPN8,0.2
CKB,0.2
S100A9,0.2
NUDT11,0.2
NPIPA8,0.2
EYA4,0.2
HS6ST2,0.2
ADGRG6,0.2
CBS,0.2
BNIP3,0.2
LGMN,0.2
CLDN1,0.2
CLDN11,0.2
TYMP,0.2
PTPRM,0.2
SULF1,0.2
PMAIP1,0.2
TNFRSF19,0.2
CPNE8,0.2
NES,0.2
IL1RAP,0.2
MAGEB2,0.2
HOXB2,0.2
RAB33A,0.2
TES,0.2
ADM,0.2
SYCP2,0.2
AK5,0.2
MFNG,0.2
C2orf74,0.2
AKR1B1,0.2
ITGBL1,0.2
GRAMD1B,0.2
LY6K,0.2
CP,0.2
MAGEA6,0.2
IGFBP6,0.2
HMGA2,0.2
TMSB4X,0.2
ALDH1L2,0.2
GSTM1,0.2
EDNRB,0.2
RARRES1,0.2
HSPA1A,0.2
MT1A,0.2
KCNE3,0.2
COL6A1,0.2
EDIL3,0.2
IL2RG,0.2
CHMP4C,0.2
ANGPTL4,0.2
GSN,0.2
TMEM98,0.2
MCAM,0.2
METRNL,0.2
PLS3,0.2
PDLIM4,0.2
CST6,0.2
HSPA2,0.2
RAB37,0.2
NPAS2,0.2
PDZK1IP1,0.2
SEPTIN6,0.2
FGF2,0.2
CXCL3,0.2
STEAP1,0.2
RGS2,0.2
SNTB1,0.2
PLAC8,0.2
LRATD1,0.2
CT45A10,0.2
SLC12A8,0.2
FZD6,0.2
OAS3,0.2
NID2,0.2
MT1E,0.2
GOLGA8A,0.2
NFE2L3,0.2
TNFSF9,0.2
CRISPLD1,0.2
LRIG1,0.2
GLRX,0.2
FBLN1,0.2
DCDC2,0.2
SPRY4,0.2
MAGEA4,0.2
SYNPO,0.2
PRSS23,0.2
SLC7A2,0.2
CADM4,0.175
ST6GAL1,0.175
SMIM22,0.175
ADORA2B,0.175
RGS16,0.175
NLRC5,0.175
PLPP2,0.175
EMILIN1,0.175
CA9,0.175
CYB5A,0.175
POF1B,0.175
PDE10A,0.175
PHLDB2,0.175
TNIK,0.175
MCOLN3,0.175
LRP12,0.175
KRTAP2-3,0.175
COCH,0.175
RUNX2,0.175
CEMIP,0.175
PSG5,0.175
SPANXA2,0.175
CDA,0.175
APOE,0.175
PNMA2,0.175
MXRA7,0.175
CLIP3,0.175
CST3,0.175
SLFN12,0.175
ALOX5AP,0.175
FJX1,0.175
DOCK8,0.175
TM4SF19,0.175
BDH1,0.175
KRT4,0.175
C1QL1,0.175
NPTX1,0.175
LTBP1,0.175
CFD,0.175
WNT5A,0.175
STEAP4,0.175
SPTBN2,0.175
FBP1,0.175
TMEM40,0.175
FBXO32,0.175
NLRP1,0.175
LTBR,0.175
AKT3,0.175
CLDN2,0.175
SLC37A2,0.175
BDNF,0.175
SLC43A3,0.175
SELENOM,0.175
ADD2,0.175
GNG4,0.175
ID2,0.175
LGALS4,0.175
FOXQ1,0.175
LIFR,0.175
GLDC,0.175
PDPN,0.175
PNMA8A,0.175
ADGRG1,0.175
CD276,0.175
SLC6A15,0.175
RFTN1,0.175
IFI44,0.175
VASN,0.175
AOX1,0.175
TNFRSF6B,0.175
ANK3,0.175
LYPD6B,0.175
PLCG2,0.175
RAB32,0.175
MYL9,0.175
FGF13,0.175
ADAM19,0.175
AMOTL1,0.175
GALNT12,0.175
FHOD3,0.175
CREB3L1,0.175
GPR160,0.175
FKBP10,0.175
PROS1,0.175
EPHB6,0.175
PYCARD,0.175
SELENOP,0.175
HGF,0.175
CDIP1,0.175
C1orf21,0.175
COL9A3,0.175
KCNH2,0.175
RASSF2,0.175
FAM107B,0.175
SLC40A1,0.175
PAM,0.175
EPDR1,0.175
EFNB2,0.175
CSRP1,0.175
TWIST1,0.175
IGFBP3,0.175
TSPAN15,0.175
MTSS1,0.175
NRP1,0.175
RASSF6,0.175
GPRC5A,0.175
JSRP1,0.175
SCIN,0.175
ESPN,0.175
CTAG1A,0.175
MYO5B,0.175
HOXB6,0.175
PRSS21,0.175
UBASH3B,0.175
CITED4,0.175
WNK2,0.175
CLGN,0.175
KCNMA1,0.175
CAMK1,0.175
ARNT2,0.175
IL32,0.175
CA2,0.175
CST7,0.175
ABCB1,0.175
HENMT1,0.175
PEG10,0.175
PTHLH,0.175
CTHRC1,0.175
POSTN,0.175
ITGA6,0.175
GPAT3,0.175
ANGPTL2,0.175
TMEM47,0.175
C19orf33,0.175
FAM174B,0.175
ALDH1A1,0.175
ANXA10,0.175
FABP5,0.175
TM4SF18,0.175
CLEC11A,0.175
BMP4,0.175
SLC14A1,0.175
VIPR1,0.175
WNT10A,0.175
COL8A1,0.175
ZNF880,0.175
MT1X,0.15
LPXN,0.15
ST6GALNAC2,0.15
TRABD2A,0.15
ASPH,0.15
MX1,0.15
CTSH,0.15
LY96,0.15
PAPSS2,0.15
RGS1,0.15
DAPK1,0.15
APBB1,0.15
RRAS,0.15
RBM47,0.15
PSCA,0.15
GEM,0.15
LY75,0.15
ENAH,0.15
PAX8,0.15
RTL8C,0.15
GPSM3,0.15
PTGFRN,0.15
LAIR1,0.15
ESM1,0.15
PHGR1,0.15
TFPI2,0.15
NDRG4,0.15
FAM241B,0.15
BICDL1,0.15
KDELR3,0.15
OLR1,0.15
GNA15,0.15
CXCL1,0.15
NR2F1,0.15
DNAJA4,0.15
HMCN1,0.15
PGAP4,0.15
IRX2,0.15
FABP1,0.15
ENO2,0.15
LY6D,0.15
HMOX1,0.15
MMP14,0.15
MAP2,0.15
KIT,0.15
SH3RF2,0.15
IGFBP7,0.15
ID4,0.15
FCHO1,0.15
CD59,0.15
HKDC1,0.15
TSPYL5,0.15
RBP1,0.15
TNFAIP3,0.15
GPRC5B,0.15
FBXO2,0.15
PON2,0.15
KLK8,0.15
ITPRIPL1,0.15
BLNK,0.15
DSC3,0.15
PLCB4,0.15
TNFSF10,0.15
PTPRK,0.15
DCBLD2,0.15
TUBA4A,0.15
ZNF703,0.15
NT5E,0.15
FBN1,0.15
MMP28,0.15
PTPRS,0.15
RAMP1,0.15
PDE1C,0.15
TLE4,0.15
CGN,0.15
MEIS3,0.15
SLFN11,0.15
CSAG1,0.15
PLBD1,0.15
IL1B,0.15
ZC4H2,0.15
DUSP1,0.15
RCN1,0.15
CEP15,0.15
OAF,0.15
MYC,0.15
GATM,0.15
TACSTD2,0.15
NDRG2,0.15
CYP2S1,0.15
BMP7,0.15
PMEL,0.15
GALNT3,0.15
AKAP12,0.15
DIRAS1,0.15
MMP1,0.15
ANXA6,0.15
LMO3,0.15
FAR2,0.15
EPHX1,0.15
ADAMTS1,0.15
CD274,0.15
MUC1,0.15
CXCL5,0.15
SPOCD1,0.15
SOX4,0.15
H1-0,0.15
PRSS3,0.15
FOSB,0.15
RNF212,0.15
CD200,0.15
CHST11,0.15
G0S2,0.15
MACC1,0.15
IQGAP2,0.15
SERPINE1,0.15
ANXA8,0.15
CRACR2B,0.15
MYEOV,0.15
UCHL1,0.15
PLEKHA7,0.15
LMO2,0.15
CDH2,0.15
SPHK1,0.15
MILR1,0.15
RUNX3,0.15
LSR,0.15
GGT1,0.15
CBFA2T3,0.15
SNRPN,0.15
QPRT,0.15
NFIX,0.15
NIBAN1,0.15
CRIP2,0.15
VLDLR,0.15
PARP10,0.15
FXYD2,0.15
SELENBP1,0.15
LYPD1,0.15
SERPINA1,0.15
RRAD,0.15
SNCA,0.15
FCGR2A,0.15
RHOD,0.15
SAA1,0.15
SLC2A3,0.15
TOX3,0.15
IGFN1,0.15
STC2,0.15
TPM2,0.15
DNM1,0.15
EDN1,0.15
VAMP8,0.15
NUPR1,0.15
KISS1,0.15
DHRS9,0.15
GABRE,0.15
CLIP4,0.15
UCP2,0.15
SLITRK6,0.15
CSPG4,0.15
CRABP1,0.15
FAS,0.15
WDR72,0.15
CARD16,0.15
PSD4,0.15
ST3GAL6,0.15
TLE2,0.15
PHLDA3,0.15
VGLL1,0.15
ALDH2,0.15
FMN2,0.15
MATN2,0.15
CYTL1,0.15
FAM221A,0.15
MYO15B,0.15
PLEKHG4,0.15
LSP1,0.15
TCF7,0.15
MBP,0.15
ANTXR2,0.15
ARMCX2,0.15
PDGFB,0.15
IFITM1,0.15
TIMP3,0.15
CRYBG1,0.15
C1S,0.15
UCN2,0.15
OLFML3,0.15
BCL2A1,0.15
SLC12A7,0.15
LGALS9,0.15
NRSN2,0.15
LOXL1,0.15
COL1A1,0.15
PALLD,0.15
CTSF,0.15
C1R,0.15
TGFB1I1,0.15
CA12,0.15
TSPAN13,0.15
GALNT14,0.15
OCIAD2,0.15
FADS2,0.15
CCBE1,0.15
FADS1,0.15
EMB,0.15
ARMCX1,0.15
NELL2,0.15
NRG1,0.15
EPB41L3,0.15
SVIP,0.15
AHNAK2,0.15
ZNF626,0.15
NTN4,0.15
CERCAM,0.15
RHOBTB3,0.125
MAP1LC3A,0.125
COL1A2,0.125
SERPING1,0.125
LOXL3,0.125
EEF1A2,0.125
GAGE2A,0.125
PRUNE2,0.125
FUCA2,0.125
DLX1,0.125
ALPK2,0.125
CSF1,0.125
PIR,0.125
IGLL5,0.125
EGLN3,0.125
SPRY2,0.125
SEL1L3,0.125
LPAR1,0.125
TUBB6,0.125
GPC4,0.125
PKIA,0.125
SLC16A2,0.125
FOXD1,0.125
SATB1,0.125
SYTL1,0.125
TNS3,0.125
FAM171A1,0.125
CXCL12,0.125
FERMT1,0.125
TMC6,0.125
MCF2L,0.125
B3GNT5,0.125
RHOB,0.125
DBNDD2,0.125
AKR1C3,0.125
ELL2,0.125
RTN1,0.125
HID1,0.125
UPK1B,0.125
PARVB,0.125
HSPB1,0.125
FMNL1,0.125
CDH17,0.125
CCN3,0.125
TRPM2,0.125
TRPS1,0.125
CYB5R2,0.125
CDKN2C,0.125
ALDOC,0.125
RARRES2,0.125
LRP1,0.125
PITX1,0.125
ATF7IP2,0.125
HR,0.125
MYO1G,0.125
MPDZ,0.125
STXBP2,0.125
CYTIP,0.125
PDGFA,0.125
CMTM3,0.125
CBLC,0.125
EPB41L1,0.125
APOD,0.125
MAN1A1,0.125
TMSB15B,0.125
PLEKHO1,0.125
TSPOAP1,0.125
UGT8,0.125
SAMD11,0.125
TMPRSS3,0.125
RHOV,0.125
MLF1,0.125
EVI2A,0.125
PRDX2,0.125
CPNE7,0.125
ASCL1,0.125
SERPINF1,0.125
ARHGAP15,0.125
LRRC61,0.125
ATOH8,0.125
PRKAR2B,0.125
RNF128,0.125
SPRY1,0.125
SMARCA1,0.125
EFEMP1,0.125
ACTA2,0.125
SAMSN1,0.125
GDA,0.125
MEF2C,0.125
TRIB2,0.125
PAGE5,0.125
CGREF1,0.125
SSH3,0.125
PDGFRB,0.125
SLC7A7,0.125
HLA-C,0.125
MICAL2,0.125
FGFR2,0.125
ARHGAP4,0.125
KRT16,0.125
SPART,0.125
TGFB2,0.125
SERPINA3,0.125
GNAI1,0.125
SLC7A11,0.125
SEMA3C,0.125
EFHD1,0.125
GALNT5,0.125
FGFR1,0.125
RGL3,0.125
VGLL3,0.125
PROSER2,0.125
ME3,0.125
FN1,0.125
PHLDB1,0.125
RAI14,0.125
NBL1,0.125
S100A8,0.125
HBE1,0.125
ABI3BP,0.125
SYT1,0.125
ARHGEF35,0.125
SEMA3F,0.125
S100A6,0.125
FXYD5,0.125
TCEA3,0.125
MYEF2,0.125
C3,0.125
CFH,0.125
CSAG3,0.125
NRP2,0.125
FEZ1,0.125
PLAAT3,0.125
PTPRZ1,0.125
TCF4,0.125
BIRC3,0.125
CTSZ,0.125
ADGRL2,0.125
APOC1,0.125
PPARG,0.125
TCEAL8,0.125
APP,0.125
TCIM,0.125
CD52,0.125
SPANXB1,0.125
WIPF1,0.125
YBX2,0.125
TMEM176A,0.125
DUSP4,0.125
IFIT2,0.125
LDLRAD4,0.125
PRSS16,0.125
TP53I11,0.125
BACE2,0.125
CTSB,0.125
IL7R,0.125
ANO1,0.125
DSG3,0.125
ALPP,0.125
ACSL5,0.125
F2R,0.125
SGK1,0.125
SLC1A3,0.125
TNFRSF1B,0.125
ROBO1,0.125
NCF2,0.125
PCSK9,0.125
IGF2,0.125
TOX,0.125
FHL1,0.125
LAT,0.125
PRAME,0.125
KRT81,0.125
VSIR,0.125
RTL8A,0.125
MICA,0.125
MTAP,0.125
PPP2R2C,0.125
GDF15,0.125
RASSF8,0.125
VEGFC,0.125
PTPRF,0.125
RNF207,0.125
LAD1,0.125
FOS,0.125
SESN3,0.125
PIMREG,0.125
C6orf141,0.125
CALB2,0.125
PAX6,0.125
PXDN,0.125
CPA4,0.125
TRIM29,0.125
CNTN1,0.125
COL12A1,0.125
SPDEF,0.125
KLHL13,0.125
TOX2,0.125
DNAJC15,0.125
SFN,0.125
CD9,0.125
TCIRG1,0.125
SEMA7A,0.125
PCOLCE,0.125
CYP4F11,0.125
GCNT3,0.125
NQO1,0.125
ATP1A3,0.125
LAMA4,0.125
RIN2,0.125
B4GALNT4,0.125
MANSC1,0.125
HLA-DRB5,0.125
COL4A1,0.125
AMIGO2,0.125
KCNS3,0.125
SLC16A3,0.125
ATP9A,0.125
MLPH,0.125
BIK,0.125
C14orf132,0.125
SQOR,0.125
IER3,0.125
SPP1,0.125
TCEAL9,0.125
LEF1,0.125
CAP2,0.125
LCP1,0.125
NOS3,0.125
SPOCK1,0.125
CCND1,0.1
CD37,0.1
HBB,0.1
ACKR3,0.1
GSTM3,0.1
ABLIM1,0.1
GOLT1A,0.1
F3,0.1
CKMT1A,0.1
SLC16A4,0.1
ADAM8,0.1
FAT1,0.1
PDLIM3,0.1
P2RX5,0.1
SDC1,0.1
APOL1,0.1
S100A1,0.1
BCAR3,0.1
TSPAN6,0.1
DDAH1,0.1
NCEH1,0.1
FGF5,0.1
TENM2,0.1
DNAJC22,0.1
BCL11A,0.1
RIPK4,0.1
LRP3,0.1
DSP,0.1
NRN1,0.1
SNURF,0.1
KHDRBS3,0.1
KCNQ2,0.1
TRIM22,0.1
PPFIBP2,0.1
WWC2,0.1
KRT14,0.1
IL6,0.1
FAP,0.1
DDX3Y,0.1
MAGEA2,0.1
RAC2,0.1
ATP8B1,0.1
PRSS12,0.1
CXADR,0.1
IFI27,0.1
NSG1,0.1
PRSS22,0.1
EGFR,0.1
KYNU,0.1
CD44,0.1
S100A4,0.1
TUBB4A,0.1
ANPEP,0.1
DSG2,0.1
PERP,0.1
SCG2,0.1
RUBCNL,0.1
GALNT6,0.1
RNF130,0.1
ZFP36L1,0.1
MFAP2,0.1
IL1RN,0.1
UBE2L6,0.1
RNF157,0.1
S100A11,0.1
CDH1,0.1
SMPDL3B,0.1
HPGD,0.1
ENC1,0.1
HLA-DQA1,0.1
FLRT2,0.1
LAMA1,0.1
THBS1,0.1
SPTSSB,0.1
HES4,0.1
KIF5C,0.1
MAGED4B,0.1
CTSS,0.1
MYCN,0.1
CD68,0.1
MMP7,0.1
L1CAM,0.1
PARM1,0.1
TAGLN,0.1
C12orf75,0.1
ITGA2,0.1
ZG16B,0.1
CPLX2,0.1
PPP1R13L,0.1
JAG2,0.1
C1orf210,0.1
CLIC3,0.1
ITGB3,0.1
ARHGEF6,0.1
SORBS2,0.1
EVL,0.1
HLA-DMA,0.1
LHFPL6,0.1
SLCO3A1,0.1
ARHGAP8,0.1
CXXC5,0.1
TBX3,0.1
NEXN,0.1
SLC35D2,0.1
IGFBP5,0.1
CFI,0.1
MTUS1,0.1
TMT1A,0.1
ICA1,0.1
FLI1,0.1
NMI,0.1
ECM1,0.1
TMEM158,0.1
PDLIM2,0.1
MAGED1,0.1
PARVA,0.1
ITM2A,0.1
ITGB6,0.1
KRT18,0.1
CSRP2,0.1
WNT7B,0.1
ASPHD1,0.1
ETV1,0.1
RASGRP2,0.1
SEMA3A,0.1
DENND2D,0.1
EFNA1,0.1
TMEM265,0.1
SH2D4A,0.1
PODXL2,0.1
SOX2,0.1
SLC7A8,0.1
KLK11,0.1
CD99,0.1
JAG1,0.1
SIRPA,0.1
TNFRSF21,0.1
APOBEC3B,0.1
THBD,0.1
RAB13,0.1
EPS8,0.1
MSRB3,0.1
MYO1B,0.1
CXCL16,0.1
EMP2,0.1
TCL1A,0.1
KITLG,0.1
OCLN,0.1
GPR39,0.1
SMO,0.1
HLA-DMB,0.1
MYADM,0.1
KCNG1,0.1
MT1F,0.1
PPP1R14A,0.1
TGFBR2,0.1
LTB,0.1
CD40,0.1
MUC4,0.1
BGN,0.1
IL1R1,0.1
ALCAM,0.1
MACROH2A2,0.1
CD55,0.1
TMEM54,0.1
STAP2,0.1
RIMKLB,0.1
KCNN4,0.1
EVPL,0.1
THY1,0.1
FAM83A,0.1
ITGA3,0.1
CYBRD1,0.1
TNFRSF10D,0.1
AKR1C1,0.1
CA8,0.1
TGFA,0.1
ID3,0.1
RPL39L,0.1
GNG2,0.1
MT-ND6,0.1
DTNA,0.1
AEBP1,0.1
MYO5C,0.1
COL4A2,0.1
GABARAPL1,0.1
ADRB2,0.1
ETS1,0.1
MFAP4,0.1
MYRF,0.1
XAF1,0.1
PRR15,0.1
TRIM2,0.1
RNF182,0.1
SERPINH1,0.1
NEFL,0.1
TSPAN8,0.1
ISYNA1,0.1
BHLHE40,0.1
STRA6,0.1
PKP1,0.1
NTS,0.1
SYK,0.1
TNFRSF11B,0.1
AFAP1L1,0.1
SPN,0.1
BLK,0.1
TCEAL3,0.1
TRIP6,0.1
HPDL,0.1
AJUBA,0.1
BEX3,0.1
PCDH1,0.1
GJB5,0.1
SNAP25,0.1
KCTD15,0.1
PKP2,0.1
NEDD9,0.1
AGR3,0.075
MGST1,0.075
ISG20,0.075
ARSL,0.075
SEPTIN1,0.075
ENPP2,0.075
EPHB4,0.075
PIK3AP1,0.075
UACA,0.075
HHEX,0.075
PRNP,0.075
SNX10,0.075
HLA-DQB1,0.075
SEZ6L2,0.075
STARD10,0.075
CHI3L2,0.075
KRT20,0.075
ADGRE5,0.075
VSNL1,0.075
BARX1,0.075
PRR5L,0.075
CDKN2A,0.075
LGR4,0.075
TEAD2,0.075
ACP5,0.075
GSTA4,0.075
DLX5,0.075
RRAGD,0.075
AFAP1L2,0.075
EPHB2,0.075
GABRB3,0.075
LCP2,0.075
ECHDC2,0.075
SDC3,0.075
AZGP1,0.075
KIAA1217,0.075
PLK2,0.075
HNMT,0.075
NDRG1,0.075
ZNF83,0.075
PPIC,0.075
FLNC,0.075
IFI6,0.075
ZEB2,0.075
CRABP2,0.075
CD82,0.075
PLTP,0.075
HCLS1,0.075
LIMCH1,0.075
FXYD6,0.075
CYFIP2,0.075
FERMT3,0.075
CNRIP1,0.075
MYH14,0.075
DOCK2,0.075
ESRP1,0.075
GPRC5C,0.075
P2RY2,0.075
TSPAN1,0.075
HOXC10,0.075
CD48,0.075
SERPINE2,0.075
INHBA,0.075
SHROOM3,0.075
SERPINB1,0.075
TC2N,0.075
GPC1,0.075
PPP1R1B,0.075
AIF1,0.075
DDR1,0.075
IL1A,0.075
LY6E,0.075
VGF,0.075
HLA-DPA1,0.075
PKDCC,0.075
VWA1,0.075
KRT17,0.075
RHOH,0.075
PRTFDC1,0.075
BCHE,0.075
PPL,0.075
GATA3,0.075
COL7A1,0.075
RAB31,0.075
TM4SF4,0.075
CD109,0.075
PSMB9,0.075
GLIPR1,0.075
PAX5,0.075
STMN3,0.075
FCMR,0.075
HLA-DPB1,0.075
ZNF677,0.075
SPRR2D,0.075
KRT80,0.075
LOX,0.075
LAMB1,0.075
CSTA,0.075
EREG,0.075
A2M,0.075
C15orf48,0.075
EIF1AY,0.075
CTBP2,0.075
MDK,0.075
GPNMB,0.075
EPS8L2,0.075
TNFAIP2,0.075
DPYD,0.075
TFPI,0.075
TGFBI,0.075
TSPAN4,0.075
FGFBP1,0.075
PTGES,0.075
MT2A,0.075
TGFB1,0.075
VCAN,0.075
FSTL3,0.075
MALL,0.075
IFI16,0.075
EHF,0.075
KRT15,0.075
TIMP1,0.075
OVOL2,0.075
AGR2,0.075
TNNT1,0.075
RHOC,0.075
APOL3,0.075
PYGL,0.075
STEAP2,0.075
EHD2,0.075
GNG11,0.075
ALDH7A1,0.075
MITF,0.075
CDCP1,0.075
PLAT,0.075
HOXA9,0.075
GSTM4,0.075
BEX2,0.075
PLPP3,0.075
GNAO1,0.075
MGP,0.075
PMEPA1,0.075
F2RL1,0.075
FHL2,0.075
TRIM47,0.075
SRPX,0.075
TMPRSS4,0.075
SNCG,0.075
S100A10,0.075
PLAUR,0.075
RASEF,0.075
STAC,0.075
HBEGF,0.075
GBP1,0.075
PALM2AKAP2,0.075
BATF,0.075
MYO1D,0.075
PRKCB,0.075
CD38,0.075
CPQ,0.075
INHBB,0.075
MTARC1,0.075
CARMIL2,0.075
SNX7,0.075
SCEL,0.075
DTX1,0.075
B4GALNT1,0.075
WWC1,0.075
AHR,0.075
GRB10,0.075
PRXL2A,0.075
ABCA3,0.075
GPC3,0.075
ETV4,0.075
CAPN2,0.075
ZNF738,0.075
TMEM132A,0.075
ABLIM3,0.075
COL16A1,0.075
IFFO1,0.075
APOBEC3C,0.075
RNF43,0.075
TEAD1,0.075
ANO9,0.075
FRMD4A,0.075
LAMC1,0.075
TMC5,0.075
ZNF528,0.075
TSPAN12,0.075
HACD1,0.075
TUBB2A,0.075
NHSL3,0.075
HES6,0.075
ADIRF,0.075
BTG2,0.075
BEX1,0.075
CAV2,0.075
CYB561,0.075
CACNG4,0.075
GSTO2,0.075
KIAA0040,0.075
ADAMTS12,0.075
CCL5,0.075
PLA2G4A,0.075
CARD11,0.075
CDC42EP5,0.075
NXN,0.075
LMO7,0.075
SRGN,0.075
BAIAP2L1,0.075
DBNDD1,0.075
SSBP2,0.075
TMEM125,0.075
SLAIN1,0.075
SYBU,0.075
CFB,0.075
AUTS2,0.075
KDM5D,0.075
MMP17,0.075
ARRB1,0.075
SRPX2,0.075
DIO2,0.075
CASP4,0.075
PTK2,0.075
PKIB,0.075
STAT5A,0.075
SEPTIN5,0.075
GAMT,0.075
LARP6,0.075
ISG15,0.075
F11R,0.075
SLPI,0.075
ZNF300,0.075
SCARA3,0.075
SPINT2,0.075
DDC,0.075
ME1,0.075
ETV5,0.075
TNFRSF14,0.075
CDKN2B,0.075
ROBO3,0.075
ENG,0.075
PLCB2,0.05
TM4SF1,0.05
DCT,0.05
CAV1,0.05
TNFRSF1A,0.05
MECOM,0.05
TNFRSF17,0.05
NNMT,0.05
GMPR,0.05
PLCD3,0.05
KRT7,0.05
IL16,0.05
DUSP2,0.05
RHOU,0.05
HBA1,0.05
IGF2BP3,0.05
LCN2,0.05
ELAPOR1,0.05
ARSJ,0.05
TOM1L1,0.05
MEGF6,0.05
ELF3,0.05
ATP8A1,0.05
SPIB,0.05
PIK3CD,0.05
CTNND1,0.05
KCNAB2,0.05
ITM2C,0.05
SCG3,0.05
RIPOR2,0.05
VANGL2,0.05
ZNF43,0.05
PLXNB3,0.05
CD24,0.05
INHBE,0.05
SYT7,0.05
SMIM10,0.05
CEBPA,0.05
GPM6B,0.05
FLRT3,0.05
COBL,0.05
ITGA11,0.05
SP100,0.05
NKX2-1,0.05
BOK,0.05
CBR3,0.05
KIAA0408,0.05
S100A16,0.05
KRT5,0.05
WFDC2,0.05
CEMIP2,0.05
LLGL2,0.05
B3GNT3,0.05
GPR87,0.05
TENM3,0.05
IRF4,0.05
VAV1,0.05
LYPD3,0.05
RCN3,0.05
COTL1,0.05
PSMB8,0.05
CHGA,0.05
SCRN1,0.05
MYLK,0.05
GATA2,0.05
KLF4,0.05
FKBP9,0.05
HTATIP2,0.05
SOX9,0.05
COL6A2,0.05
CAVIN1,0.05
POU2AF1,0.05
CCN2,0.05
PDGFC,0.05
LAYN,0.05
POPDC3,0.05
INPP5D,0.05
ATP1B1,0.05
SEPTIN10,0.05
DCN,0.05
ITGAL,0.05
WAS,0.05
DENND1C,0.05
SH2D3A,0.05
AGRN,0.05
TMEM45A,0.05
OBSL1,0.05
RAB38,0.05
CTTN,0.05
HOOK1,0.05
IFITM3,0.05
OAS2,0.05
EFEMP2,0.05
IGF2BP2,0.05
BMERB1,0.05
CLEC2B,0.05
CLU,0.05
C1orf116,0.05
TRPV2,0.05
LGALS3,0.05
TFAP2C,0.05
HEG1,0.05
DDR2,0.05
LMNA,0.05
SAA2,0.05
TPBG,0.05
FGFR4,0.05
CDC42EP1,0.05
LAMA5,0.05
ICAM2,0.05
CYP1B1,0.05
FSCN1,0.05
ATP2A3,0.05
GLUL,0.05
ID1,0.05
PMP22,0.05
BCAM,0.05
H2AJ,0.05
ADGRF1,0.05
SCNN1A,0.05
LAMB2,0.05
MSN,0.05
CD53,0.05
ERBB3,0.05
KRT13,0.05
HTRA1,0.05
TNFRSF12A,0.05
KLK6,0.05
COL17A1,0.05
ITGB4,0.05
PRSS8,0.05
HLA-B,0.05
MYOF,0.05
PLOD2,0.05
CXCR4,0.05
CCDC80,0.05
CD79A,0.05
WLS,0.05
IKZF1,0.05
FAM20C,0.05
LAPTM4B,0.05
FBXO17,0.05
UPP1,0.05
CALD1,0.05
MAGEA2B,0.05
KLK5,0.05
MRC2,0.05
PFN2,0.05
PROCR,0.05
PTPN7,0.05
KLF5,0.05
TPM1,0.05
CDH3,0.05
JAM3,0.05
CEACAM5,0.05
NREP,0.05
ESRP2,0.05
SNAI2,0.05
ITGB5,0.05
ASS1,0.05
GRB7,0.05
ERRFI1,0.05
PLEK2,0.05
MAP1B,0.05
PTPRCAP,0.05
IGFBPL1,0.05
KRT19,0.05
BSPRY,0.05
ANXA1,0.05
FAM114A1,0.05
RHBDF1,0.05
HSPG2,0.05
CHST15,0.05
NHERF2,0.05
MUC20,0.05
MRAS,0.05
BICC1,0.05
IL13RA1,0.05
DPYSL5,0.05
BHLHE41,0.05
ACAP1,0.05
DEF6,0.05
GPR176,0.05
SMIM3,0.05
ACSS1,0.05
PREX1,0.05
CLDN7,0.05
BCL2,0.05
GAS7,0.05
GBP3,0.05
SELPLG,0.05
FSTL1,0.05
TAGLN3,0.05
ARHGAP23,0.05
USH1C,0.05
ARHGAP9,0.05
MAGED4,0.05
TJP1,0.05
TINAGL1,0.05
FSD1,0.05
LARGE2,0.05
ARHGEF16,0.05
HOXA10,0.05
TRAF3IP3,0.05
HES1,0.05
LMCD1,0.05
DUSP5,0.05
TMBIM1,0.05
DUSP6,0.025
EPAS1,0.025
CRMP1,0.025
GRHL2,0.025
DOK3,0.025
TBX2,0.025
PTK2B,0.025
CCDC9B,0.025
MVP,0.025
AHNAK,0.025
KLHL6,0.025
CLMP,0.025
IFI44L,0.025
RND3,0.025
PROM2,0.025
NECTIN2,0.025
ZNF532,0.025
IL18,0.025
FOXA1,0.025
MYB,0.025
CD79B,0.025
FRMD6,0.025
ALDH3B1,0.025
CLCF1,0.025
MS4A1,0.025
ALDH3A1,0.025
NECTIN3,0.025
ARHGDIB,0.025
ANTXR1,0.025
S100P,0.025
SPINT1,0.025
OAS1,0.025
RASSF5,0.025
PHLDA2,0.025
RDX,0.025
LIF,0.025
MMP2,0.025
PHLDA1,0.025
TPD52L1,0.025
CAPG,0.025
TUBA1A,0.025
IRAG2,0.025
CCDC69,0.025
CTSL,0.025
PKP3,0.025
COL5A2,0.025
MAGEA12,0.025
SLC43A1,0.025
CPE,0.025
LYZ,0.025
MZB1,0.025
ABCC3,0.025
EMP3,0.025
CORO1A,0.025
SERPINB5,0.025
CNN3,0.025
JCHAIN,0.025
ANXA4,0.025
VIM,0.025
CDCA7L,0.025
COL6A3,0.025
KRT8,0.025
LYL1,0.025
SYP,0.025
CD74,0.025
ANXA2,0.025
AKR1C2,0.025
KIRREL1,0.025
WWTR1,0.025
TNS4,0.025
LGALS1,0.025
TSPO,0.025
SLC22A17,0.025
KLK10,0.025
FOSL1,0.025
MST1R,0.025
ANXA8L1,0.025
OSMR,0.025
PTGR1,0.025
TCEAL4,0.025
HGD,0.025
ERP27,0.025
TNC,0.025
EPCAM,0.025
EPHA2,0.025
GPX2,0.025
JUP,0.025
MUC13,0.025
CXCL2,0.025
HLA-F,0.025
AFF3,0.025
PXDC1,0.025
DOCK10,0.025
SPARC,0.025
FXYD3,0.025
DMTN,0.025
AIF1L,0.025
NIBAN2,0.025
MARCKS,0.025
INAVA,0.025
PLEK,0.025
NPDC1,0.025
PRRX1,0.025
TMPRSS2,0.025
GSTM2,0.025
ALS2CL,0.025
SEMA6A,0.025
ERBB2,0.025
CLDN4,0.025
NECTIN4,0.025
TMC4,0.025
STING1,0.025
SLC6A8,0.025
ST14,0.025
SERPINB6,0.025
PRR15L,0.025
NCKAP1,0.025
AREG,0.025
SYT11,0.025
OASL,0.025
HOXB3,0.025
CHN1,0.025
MOXD1,0.025
ADAP1,0.025
PTMS,0.025
RTL8B,0.025
DSC2,0.025
FBXO27,0.025
XAGE1A,0.025
ADAMTSL4,0.025
HLA-E,0.025
IRF8,0.025
ATP8B2,0.025
MYH10,0.025
FAM83H,0.025
DAPP1,0.025
STOM,0.025
ARHGAP30,0.025
NCS1,0.025
NOTCH3,0.025
EPHA1,0.025
KRT6A,0.025
NCF4,0.025
LIMD2,0.025
PLEKHA6,0.025
RAB17,0.025
EPN3,0.025
CACNA2D1,0.025
FERMT2,0.025
S100A2,0.025
EML1,0.025
MAP4K1,0.025
SEPTIN3,0.025
ARHGEF5,0.025
MCTP2,0.025
LOXL2,0.025
DKK3,0.025
CERS4,0.025
PVR,0.025
GYPC,0.025
ARHGEF25,0.025
GFPT2,0.025
IFIT3,0.025
INSM1,0.0
SPEG,0.0
VPREB3,0.0
KDF1,0.0
TMEM184A,0.0
COL5A1,0.0
LIPH,0.0
MARVELD3,0.0
P2RY8,0.0
VIL1,0.0
CLDN3,0.0
MAP7,0.0
BCAR1,0.0
EXT1,0.0
AXIN2,0.0
TJP3,0.0
GMFG,0.0
IFIT1,0.0
LAMB3,0.0
FCRLA,0.0
COL3A1,0.0
SOX10,0.0
LAMC2,0.0
FGB,0.0
TMC8,0.0
PALM,0.0
RAB25,0.0
MPP1,0.0
KIFC3,0.0
GNG12,0.0
SLFN5,0.0
AMOTL2,0.0
MISP,0.0
C6orf132,0.0
GJB3,0.0
ANXA3,0.0
SPI1,0.0
IQANK1,0.0
RCSD1,0.0
ZNF608,0.0
CARD10,0.0
CCN1,0.0
ZEB1,0.0
TP63,0.0
APLP1,0.0
EMP1,0.0
ACTN1,0.0
NCKAP1L,0.0
S100B,0.0
DHRS3,0.0
AXL,0.0
MAGEA3,0.0
SV2A,0.0
CRB3,0.0
PLP1,0.0
MAL2,0.0
TMEM30B,0.0
EVI2B,0.0
YAP1,0.0
IRF6,0.0
SYDE1,0.0
PLAU,0.0
CKMT1B,0.0
NRROS,0.0
LIX1L,0.0
TRO,0.0
ITGA5,0.0
BICDL2,0.0
BTK,0.0
SEMA3B,0.0
PTX3,0.0
HSH2D,0.0
HLA-DRA,0.0
SH3BP4,0.0
CRIM1,0.0
EPS8L3,0.0
PTPRC,0.0
SASH3,0.0
GJB1,0.0
FUT3,0.0
CDS1,0.0
